generation,best_throughput,best_mean_throughput,gen_wallclock_s,cumulative_wallclock_s,restarted_emitters
0,3.488000,3.488000,111.09,111.09,
1,3.488000,3.483800,117.71,228.80,
2,3.577000,3.577000,125.83,354.64,
3,3.659200,3.659200,125.97,480.61,
4,3.835400,3.835400,116.02,596.63,
5,3.835400,3.830000,116.49,713.12,
6,3.975800,3.975800,115.43,828.55,
7,4.062200,4.062200,114.55,943.10,
8,4.204200,4.204200,114.68,1057.78,
9,4.348000,4.348000,113.62,1171.39,
10,4.348000,4.271000,115.08,1286.48,
11,4.348000,4.305800,114.43,1400.91,
12,4.467400,4.467400,116.06,1516.97,
13,4.619200,4.619200,115.25,1632.22,
14,4.619200,4.471400,114.61,1746.84,
15,4.651000,4.651000,114.30,1861.14,
16,4.651000,4.534000,115.45,1976.59,
17,4.701200,4.701200,114.22,2090.81,
18,4.734200,4.734200,114.90,2205.71,
19,4.734200,4.654400,115.17,2320.88,
20,4.996600,4.996600,113.68,2434.56,
21,4.996600,4.930400,114.48,2549.04,
22,4.996600,4.878200,113.74,2662.77,
23,4.996600,4.966600,114.22,2777.00,
24,5.062800,5.062800,114.41,2891.40,
25,5.062800,5.047400,116.37,3007.78,
26,5.183600,5.183600,115.72,3123.49,
27,5.334000,5.334000,116.07,3239.56,
28,5.334000,5.192800,114.95,3354.51,
29,5.334000,5.324200,115.20,3469.71,
30,5.334000,5.268200,115.43,3585.14,
31,5.409400,5.409400,115.60,3700.74,
32,5.457200,5.457200,121.75,3822.49,
33,5.457200,5.340600,117.79,3940.28,
34,5.457200,5.373200,116.19,4056.47,
35,5.471000,5.471000,114.72,4171.19,
36,5.518800,5.518800,112.87,4284.07,
37,5.679200,5.679200,115.68,4399.75,
38,5.713600,5.713600,118.72,4518.47,
39,5.713600,5.665800,150.16,4668.63,
40,5.713600,5.672200,114.35,4782.98,
41,5.729000,5.729000,115.30,4898.29,
42,5.950000,5.950000,117.62,5015.90,
43,5.950000,5.700400,116.13,5132.04,
44,5.950000,5.751000,118.01,5250.05,
45,5.999800,5.999800,118.49,5368.54,
46,5.999800,5.957600,115.75,5484.29,
47,6.133200,6.133200,118.54,5602.83,
48,6.133200,6.014200,117.03,5719.86,
49,6.133200,6.121800,115.76,5835.62,
50,6.150800,6.150800,115.27,5950.90,
51,6.150800,6.079600,115.90,6066.80,
52,6.191200,6.191200,116.16,6182.96,
53,6.191200,5.979400,114.17,6297.13,
54,6.191200,6.001800,116.48,6413.61,
55,6.191200,6.084400,114.15,6527.76,
56,6.211800,6.211800,115.05,6642.81,
57,6.211800,5.971800,113.97,6756.78,
58,6.211800,5.919000,119.20,6875.97,
59,6.211800,6.090200,115.74,6991.71,
60,6.211800,6.084800,115.81,7107.52,
61,6.211800,6.135000,117.29,7224.81,
62,6.211800,6.133400,114.77,7339.58,
63,6.236000,6.236000,115.76,7455.35,
64,6.236000,6.174200,115.81,7571.15,
65,6.236000,6.164600,116.05,7687.21,
66,6.236000,6.233600,115.31,7802.51,
67,6.236000,6.154000,118.08,7920.60,
68,6.405000,6.405000,115.80,8036.39,
69,6.405000,6.304400,115.50,8151.89,
70,6.405000,6.358600,116.85,8268.74,
71,6.405000,6.342000,116.51,8385.25,
72,6.446200,6.446200,115.76,8501.01,
73,6.446200,6.357800,118.92,8619.93,
74,6.446200,6.226200,116.04,8735.97,
75,6.446200,6.437800,117.63,8853.60,
76,6.446200,6.294000,116.63,8970.23,
77,6.446200,6.307600,116.98,9087.21,
78,6.446200,6.401600,148.15,9235.36,
79,6.446200,6.415000,116.05,9351.41,
80,6.454600,6.454600,115.12,9466.53,
81,6.454600,6.428400,114.45,9580.98,
82,6.691800,6.691800,116.16,9697.14,
83,6.691800,6.469000,124.91,9822.06,
84,6.691800,6.548200,114.47,9936.53,
85,6.691800,6.665000,116.33,10052.86,
86,6.691800,6.598400,115.96,10168.82,
87,6.691800,6.524200,117.25,10286.07,
88,6.691800,6.684000,115.80,10401.86,
89,6.691800,6.585200,116.52,10518.38,
90,6.691800,6.545600,116.26,10634.64,
91,6.691800,6.666600,116.35,10750.99,
92,6.798400,6.798400,115.25,10866.25,
93,6.798400,6.659600,116.82,10983.07,
94,6.824200,6.824200,118.14,11101.21,
95,6.824200,6.778000,115.95,11217.16,
96,6.969800,6.969800,118.55,11335.71,
97,6.969800,6.749800,115.75,11451.46,
98,6.969800,6.827400,115.45,11566.91,
99,6.969800,6.965600,115.04,11681.95,
100,6.969800,6.930400,116.00,11797.95,
101,6.969800,6.931000,115.87,11913.82,
102,7.074000,7.074000,117.16,12030.98,
103,7.074000,7.069200,117.15,12148.14,
104,7.074000,7.062800,116.40,12264.53,
105,7.074000,7.064200,115.69,12380.22,
106,7.074000,7.065600,117.21,12497.44,
107,7.112400,7.112400,114.91,12612.34,
108,7.203200,7.203200,116.70,12729.04,
109,7.203200,7.088400,117.90,12846.94,
110,7.203200,7.188000,117.14,12964.08,
111,7.203800,7.203800,117.23,13081.31,
112,7.224200,7.224200,116.69,13198.00,
113,7.224200,7.190200,118.32,13316.31,
114,7.308000,7.308000,116.50,13432.82,
115,7.308000,7.212000,116.67,13549.49,
116,7.308000,7.250200,117.14,13666.63,
117,7.308000,7.255600,149.16,13815.79,
118,7.308000,7.270200,116.34,13932.13,
119,7.339000,7.339000,116.70,14048.83,
120,7.339000,7.291600,117.95,14166.78,
121,7.339000,7.270200,117.04,14283.82,
122,7.339000,7.309000,117.41,14401.23,
123,7.402800,7.402800,117.29,14518.52,
124,7.410000,7.410000,116.79,14635.32,
125,7.410000,7.353400,116.36,14751.68,
126,7.410000,7.331400,115.37,14867.04,
127,7.410000,7.367200,116.93,14983.97,
128,7.410000,7.361800,117.04,15101.01,
129,7.410000,7.363600,117.12,15218.13,
130,7.410000,7.358200,116.00,15334.13,
131,7.443000,7.443000,117.70,15451.83,
132,7.443000,7.367800,116.69,15568.52,
133,7.443000,7.435400,115.67,15684.18,
134,7.494600,7.494600,116.23,15800.41,
135,7.494600,7.467600,117.02,15917.42,
136,7.494600,7.458000,115.76,16033.18,
137,7.494600,7.446600,116.92,16150.10,
138,7.559000,7.559000,116.78,16266.89,
139,7.559000,7.478400,116.32,16383.21,
140,7.559000,7.481800,116.54,16499.75,
141,7.590200,7.590200,117.13,16616.89,
142,7.590200,7.589800,118.47,16735.36,
143,7.590200,7.576400,116.77,16852.13,
144,7.590200,7.528200,117.52,16969.65,
145,7.590200,7.480200,115.42,17085.07,
146,7.590200,7.497200,116.71,17201.78,
147,7.595200,7.595200,116.38,17318.16,
148,7.595200,7.520200,118.87,17437.03,
149,7.602200,7.602200,116.57,17553.60,
150,7.602200,7.582400,116.58,17670.18,
151,7.609000,7.609000,116.72,17786.90,
152,7.609000,7.530000,118.83,17905.73,
153,7.609000,7.576000,116.56,18022.29,
154,7.609000,7.461800,117.75,18140.04,
155,7.609000,7.497400,114.06,18254.10,
156,7.609000,7.482000,146.47,18400.57,
157,7.609000,7.561000,118.59,18519.16,
158,7.609000,7.481800,117.47,18636.63,
159,7.609000,7.561400,115.81,18752.44,
160,7.609000,7.498800,116.34,18868.77,
161,7.609000,7.531800,116.49,18985.26,
162,7.609000,7.551600,118.33,19103.59,
163,7.609000,7.551600,117.24,19220.83,
164,7.609000,7.553800,117.60,19338.44,
165,7.609000,7.582000,117.38,19455.82,
166,7.642200,7.642200,118.56,19574.38,
167,7.642200,7.597600,118.09,19692.47,
168,7.642200,7.536000,116.58,19809.06,
169,7.642200,7.609800,118.33,19927.39,
170,7.642200,7.506400,117.01,20044.40,
171,7.642200,7.490600,117.16,20161.56,
172,7.642200,7.589800,117.81,20279.37,
173,7.642200,7.544400,117.08,20396.45,
174,7.642200,7.604800,119.93,20516.38,
175,7.642200,7.536600,116.45,20632.83,
176,7.642200,7.522400,116.99,20749.82,
177,7.642200,7.554800,118.03,20867.86,
178,7.642200,7.531400,117.92,20985.78,
179,7.670800,7.670800,117.78,21103.56,
180,7.670800,7.542000,117.54,21221.10,
181,7.670800,7.620800,118.87,21339.97,
182,7.670800,7.621800,117.04,21457.00,
183,7.670800,7.551400,116.82,21573.83,
184,7.670800,7.628800,117.51,21691.34,
185,7.670800,7.655400,115.97,21807.32,
186,7.670800,7.634200,116.84,21924.16,
187,7.726200,7.726200,117.00,22041.16,
188,7.752400,7.752400,117.18,22158.35,
189,7.752400,7.669000,117.58,22275.93,
190,7.752400,7.723000,115.66,22391.58,
191,7.752400,7.654400,116.82,22508.41,
192,7.752400,7.701800,118.09,22626.49,
193,7.752400,7.693000,116.85,22743.35,
194,7.752400,7.616000,116.24,22859.59,
195,7.752400,7.605200,150.50,23010.09,
196,7.752400,7.695000,116.31,23126.40,
197,7.752400,7.679000,116.93,23243.33,
198,7.752400,7.669600,117.19,23360.52,
199,7.752400,7.647200,118.32,23478.84,
200,7.752400,7.664400,117.88,23596.72,
201,7.752400,7.692800,117.64,23714.36,
202,7.762800,7.762800,118.22,23832.58,
203,7.762800,7.664000,115.86,23948.44,
204,7.762800,7.622200,117.02,24065.46,
205,7.762800,7.628000,116.14,24181.60,
206,7.762800,7.742800,117.44,24299.04,
207,7.762800,7.719200,117.22,24416.25,
208,7.762800,7.735800,117.12,24533.38,
209,7.762800,7.740400,116.16,24649.54,
210,7.762800,7.645000,116.49,24766.02,
211,7.762800,7.647800,116.26,24882.28,
212,7.762800,7.677000,118.28,25000.57,
213,7.762800,7.670200,116.69,25117.26,
214,7.762800,7.724200,117.84,25235.10,
215,7.762800,7.660600,118.09,25353.19,
216,7.762800,7.733600,117.16,25470.35,
217,7.787600,7.787600,118.98,25589.33,
218,7.787600,7.780400,117.23,25706.57,
219,7.787600,7.718000,118.61,25825.18,
220,7.787600,7.716600,116.98,25942.16,
221,7.787600,7.744200,117.67,26059.83,
222,7.787600,7.785800,116.58,26176.41,
223,7.787600,7.770000,117.41,26293.81,
224,7.787600,7.748000,117.29,26411.11,
225,7.799000,7.799000,116.67,26527.77,
226,7.799000,7.780800,116.37,26644.14,
227,7.804800,7.804800,118.04,26762.18,
228,7.844800,7.844800,118.92,26881.11,
229,7.844800,7.840600,119.27,27000.37,
230,7.844800,7.786000,117.52,27117.90,
231,7.860800,7.860800,117.00,27234.89,
232,7.860800,7.857400,116.54,27351.43,
233,7.875800,7.875800,119.01,27470.44,
234,7.875800,7.836000,148.33,27618.77,
235,7.901800,7.901800,115.87,27734.64,
236,7.912800,7.912800,116.99,27851.63,
237,7.912800,7.833400,116.24,27967.86,
238,7.912800,7.869600,115.74,28083.60,
239,7.912800,7.902600,116.86,28200.47,
240,7.912800,7.871600,117.88,28318.35,
241,7.912800,7.870800,115.37,28433.72,
242,7.941000,7.941000,117.99,28551.71,
243,7.941000,7.897600,117.45,28669.16,
244,7.941000,7.875800,116.22,28785.38,
245,7.981400,7.981400,115.84,28901.23,
246,7.981400,7.885400,117.16,29018.38,
247,7.981400,7.908600,117.20,29135.58,
248,7.981400,7.890200,116.39,29251.97,
249,7.981400,7.935800,118.29,29370.26,
250,7.981400,7.871000,116.93,29487.19,
251,7.981400,7.854400,116.88,29604.08,
252,7.981400,7.938000,118.01,29722.08,
253,7.981400,7.959800,116.76,29838.85,
254,7.981400,7.913600,116.87,29955.72,
255,7.981400,7.941200,115.82,30071.54,
256,7.981400,7.920000,118.99,30190.53,
257,8.001400,8.001400,119.45,30309.97,
258,8.001400,7.974800,117.45,30427.42,
259,8.001400,7.945400,117.89,30545.31,
260,8.018600,8.018600,116.50,30661.81,
261,8.018600,7.971600,117.71,30779.51,
262,8.018600,8.004000,119.47,30898.98,
263,8.018600,7.993400,117.34,31016.32,
264,8.018600,8.002200,118.62,31134.94,
265,8.018600,7.980400,117.55,31252.49,
266,8.018600,7.938200,117.18,31369.67,
267,8.018600,7.954200,119.35,31489.01,
268,8.018600,7.977200,118.42,31607.43,
269,8.018600,7.951800,115.89,31723.32,
270,8.018600,8.003800,116.47,31839.80,
271,8.018600,8.013400,118.31,31958.11,
272,8.018600,8.001200,116.98,32075.09,
273,8.018600,7.976600,147.17,32222.25,
274,8.018600,7.948400,116.59,32338.85,
275,8.023800,8.023800,120.45,32459.29,
276,8.042600,8.042600,117.01,32576.31,
277,8.042600,7.978600,117.76,32694.07,
278,8.042600,7.978800,116.55,32810.62,
279,8.042600,7.982800,118.57,32929.19,
280,8.042600,7.973000,117.13,33046.32,
281,8.057800,8.057800,119.41,33165.73,
282,8.057800,7.990400,117.10,33282.84,
283,8.057800,8.012000,119.20,33402.04,
284,8.057800,8.030400,117.28,33519.32,
285,8.057800,8.008600,115.74,33635.06,
286,8.057800,8.006800,117.87,33752.93,
287,8.062200,8.062200,117.43,33870.36,
288,8.062200,8.059800,116.98,33987.35,
289,8.062200,8.038600,116.33,34103.68,
290,8.062200,7.989400,119.18,34222.86,
291,8.062200,7.969600,116.65,34339.51,
292,8.062200,8.028200,117.56,34457.07,
293,8.062200,8.030800,116.82,34573.89,
294,8.074600,8.074600,116.24,34690.13,
295,8.074600,7.989000,116.32,34806.45,
296,8.074600,8.065400,119.13,34925.59,
297,8.074600,8.031200,116.28,35041.86,
298,8.085200,8.085200,116.62,35158.48,
299,8.085200,8.040000,113.89,35272.36,
